{
    "apiVersion": "v1",
    "kind": "Namespace",
    "metadata": {
        "creationTimestamp": "2020-11-11T12:53:53Z",
        "deletionTimestamp": "2020-11-12T01:53:25Z",
        "managedFields": [
            {
                "apiVersion": "v1",
                "fieldsType": "FieldsV1",
                "fieldsV1": {
                    "f:status": {
                        "f:phase": {}
                    }
                },
                "manager": "kubectl-create",
                "operation": "Update",
                "time": "2020-11-11T12:53:53Z"
            },
            {
                "apiVersion": "v1",
                "fieldsType": "FieldsV1",
                "fieldsV1": {
                    "f:status": {
                        "f:conditions": {
                            ".": {},
                            "k:{\"type\":\"NamespaceContentRemaining\"}": {
                                ".": {},
                                "f:lastTransitionTime": {},
                                "f:message": {},
                                "f:reason": {},
                                "f:status": {},
                                "f:type": {}
                            },
                            "k:{\"type\":\"NamespaceDeletionContentFailure\"}": {
                                ".": {},
                                "f:lastTransitionTime": {},
                                "f:message": {},
                                "f:reason": {},
                                "f:status": {},
                                "f:type": {}
                            },
                            "k:{\"type\":\"NamespaceDeletionDiscoveryFailure\"}": {
                                ".": {},
                                "f:lastTransitionTime": {},
                                "f:message": {},
                                "f:reason": {},
                                "f:status": {},
                                "f:type": {}
                            },
                            "k:{\"type\":\"NamespaceDeletionGroupVersionParsingFailure\"}": {
                                ".": {},
                                "f:lastTransitionTime": {},
                                "f:message": {},
                                "f:reason": {},
                                "f:status": {},
                                "f:type": {}
                            },
                            "k:{\"type\":\"NamespaceFinalizersRemaining\"}": {
                                ".": {},
                                "f:lastTransitionTime": {},
                                "f:message": {},
                                "f:reason": {},
                                "f:status": {},
                                "f:type": {}
                            }
                        }
                    }
                },
                "manager": "kube-controller-manager",
                "operation": "Update",
                "time": "2020-11-12T01:54:08Z"
            }
        ],
        "name": "logging",
        "resourceVersion": "16923680",
        "selfLink": "/api/v1/namespaces/logging",
        "uid": "26522256-25c2-44ab-b410-daf3d408dfa3"
    },
    "spec": {
    },
    "status": {
        "conditions": [
            {
                "lastTransitionTime": "2020-11-12T01:53:30Z",
                "message": "All resources successfully discovered",
                "reason": "ResourcesDiscovered",
                "status": "False",
                "type": "NamespaceDeletionDiscoveryFailure"
            },
            {
                "lastTransitionTime": "2020-11-12T01:53:30Z",
                "message": "All legacy kube types successfully parsed",
                "reason": "ParsedGroupVersions",
                "status": "False",
                "type": "NamespaceDeletionGroupVersionParsingFailure"
            },
            {
                "lastTransitionTime": "2020-11-12T01:54:08Z",
                "message": "Failed to delete all resource types, 1 remaining: unexpected items still remain in namespace: logging for gvr: /v1, Resource=pods",
                "reason": "ContentDeletionFailed",
                "status": "True",
                "type": "NamespaceDeletionContentFailure"
            },
            {
                "lastTransitionTime": "2020-11-12T01:53:30Z",
                "message": "Some resources are remaining: persistentvolumeclaims. has 1 resource instances, pods. has 1 resource instances",
                "reason": "SomeResourcesRemain",
                "status": "True",
                "type": "NamespaceContentRemaining"
            },
            {
                "lastTransitionTime": "2020-11-12T01:53:30Z",
                "message": "Some content in the namespace has finalizers remaining: kubernetes.io/pvc-protection in 1 resource instances",
                "reason": "SomeFinalizersRemain",
                "status": "True",
                "type": "NamespaceFinalizersRemaining"
            }
        ],
        "phase": "Terminating"
    }
}
